[{"name":"matt matty","email":"testing@testing.com","phoneNumber":"444-4444","content":"hey matt i'm testing to see how it looks","id":"1d3e6c7d-da4e-4a7b-9b94-436152206433"},{"name":"oh yeah second test","email":"test@testingagain.com","phoneNumber":"999-7777","content":"we are going for it again!","id":"17f590ab-4ce3-42a0-aa61-9f788295ca28"},{"name":"matt mattt","email":"whatif@Iputalotofstuff.com","phoneNumber":"888-8888","content":"hey testing it for a third time","id":"4cc22fc9-92b9-4105-9677-e13979c5ec3a"}]